ChrisFix,https://youtube.com/@chrisfix,Autos & Vehicles,Cars
TopGear,https://youtube.com/@topgear,Autos & Vehicles,Cars
carwow,https://youtube.com/@carwow,Autos & Vehicles,Cars
Donut Media,https://www.youtube.com/channel/UCL6JmiMXKoXS6bpP1D3bk8g,Autos & Vehicles,Cars
MotorTrend Channel,https://youtube.com/@motortrendwatch,Autos & Vehicles,Cars
Scotty Kilmer,https://youtube.com/@scottykilmer,Autos & Vehicles,Cars
Hoonigan,https://youtube.com/@thehoonigans,Autos & Vehicles,Cars
TheStradman,https://youtube.com/@thestradman,Autos & Vehicles,Cars
Mighty Car Mods,https://youtube.com/@mightycarmods,Autos & Vehicles,Cars
Adam LZ,https://youtube.com/@adamlz,Autos & Vehicles,Cars
Jay Leno's Garage,https://youtube.com/@jaylenosgarage,Autos & Vehicles,Cars
Engineering Explained,https://youtube.com/@engineeringexplained,Autos & Vehicles,Cars
DailyDrivenExotics,https://youtube.com/@dailydrivenexotics,Autos & Vehicles,Cars
1320video,https://youtube.com/@1320video,Autos & Vehicles,Cars
The Detail Geek,https://youtube.com/@thedetailgeek,Autos & Vehicles,Cars
Smosh,https://youtube.com/@smosh,Comedy,Variety Entertainment
JennaMarbles,https://youtube.com/@jennamarbles,Comedy,Variety Entertainment
Alan Chikin Chow,https://youtube.com/@alanchikinchow,Comedy,Variety Entertainment
Jimmy Kimmel Live,https://youtube.com/@jimmykimmellive,Comedy,Comedy
TheOdd1sOut,https://youtube.com/@theodd1sout,Comedy,Comedy
Michael Reeves,https://youtube.com/@michaelreeves,Comedy,Technology
CollegeHumor,https://youtube.com/@collegehumor,Comedy,Comedy
Ray William Johnson,https://youtube.com/@raywilliamjohnson,Comedy,Variety Entertainment
Topper Guild,https://youtube.com/@topperguild,Comedy,Variety Entertainment
Amyy Woahh,https://www.youtube.com/@amyywoahh,Comedy,Variety Entertainment
Comedy Central,https://youtube.com/@comedycentral,Comedy,Comedy
Adam W,https://youtube.com/@adamw,Comedy,Comedy
mrnigelng,https://youtube.com/@mrnigelng,Comedy,Food
Miranda Sings,https://youtube.com/@mirandasings,Comedy,Variety Entertainment
Jesse,https://youtube.com/@jesse,Comedy,Variety Entertainment
Vsauce,https://www.youtube.com/@Vsauce,Education,Education
Pinkfong Baby Shark - Kids' Songs & Stories,https://youtube.com/@pinkfong,Education,Kids
TED-Ed,https://youtube.com/@teded,Education,Education
CrashCourse,https://youtube.com/@crashcourse,Education,Education
Veritasium,https://youtube.com/@veritasium,Education,Education
The Infographics Show,https://youtube.com/@theinfographicsshow,Education,Education
TKOR,https://youtube.com/@thekingofrandom,Education,Education
Vox,https://youtube.com/@vox,Education,Education
Blippi Toys,https://youtube.com/@blippitoys,Education,Kids
Khan Academy,https://youtube.com/@khanacademy,Education,Education
SciShow,https://youtube.com/@scishow,Education,Education
Eddie Woo,https://www.youtube.com/@misterwootube,Education,Technology
Dr Ryan,https://www.youtube.com/c/skincareryan,Education,Beauty
The School of Life,https://youtube.com/@theschooloflifetv,Education,Education
Abdul Bari,https://www.youtube.com/@abdul_bari,Education,Education
MrBeast,https://youtube.com/@mrbeast,Entertainment,Variety Entertainment
Like Nastya,https://youtube.com/@likenastyaofficial,Entertainment,Variety Entertainment
Vlad and Niki,https://youtube.com/@vladandniki,Entertainment,Kids
Preston,https://youtube.com/@prestonyt,Entertainment,Gaming
SSSniperWolf,https://youtube.com/@sssniperwolf,Entertainment,Variety Entertainment
Toys and Colors,https://youtube.com/@toysandcolors,Entertainment,Kids
Beast Reacts,https://youtube.com/@beastreacts,Entertainment,Kids
Lucas and Marcus,https://youtube.com/@lucasandmarcus,Entertainment,Variety Entertainment
The Late Late Show with James Corden,https://youtube.com/@thelatelateshow,Entertainment,Comedy
Brent Rivera,https://youtube.com/@brentrivera,Entertainment,Variety Entertainment
D Billions,https://youtube.com/@dbillions,Entertainment,Kids
ZHC,https://youtube.com/@zhcyt,Entertainment,Variety Entertainment
FaZe Rug,https://youtube.com/@rug,Entertainment,Beauty
Logan Paul,https://youtube.com/@loganpaulvlogs,Entertainment,Variety Entertainment
America's Got Talent,https://youtube.com/@agt,Entertainment,Variety Entertainment
Jack Payne,https://youtube.com/@jackpayne,Film and Animation,Film
Andymation,https://youtube.com/@andymation,Film and Animation,Kids
ONE Media,https://youtube.com/@onemedia.,Film and Animation,Kids
Wolfoo Family - Official Channel,https://www.youtube.com/@wolfoofamilyofficial,Film and Animation,Kids
TooBizz,https://youtube.com/@toobizz,Film and Animation,Kids
Pencilmation,https://youtube.com/@pencilmation,Film and Animation,Kids
Wolfoo Family,https://youtube.com/@wolfoofamily,Film and Animation,Kids
Jaiden Animations,https://youtube.com/@jaidenanimations,Film and Animation,Variety Entertainment
rusplaying,https://youtube.com/@rusplaying,Film and Animation,Film
How It Should Have Ended,https://youtube.com/@howitshouldhaveended,Film and Animation,Film
Rooster Teeth,https://youtube.com/@roosterteeth,Film and Animation,Film
Power Rangers Official,https://youtube.com/@powerrangersofficial,Film and Animation,Kids
MineCZ,https://youtube.com/@minecz,Film and Animation,Kids
Pea Pea,https://www.youtube.com/@peapeachannel,Film and Animation,Film
sWooZie,https://youtube.com/@swoozie,Film and Animation,Variety Entertainment
PewDiePie,https://youtube.com/@pewdiepie,Gaming,Gaming
Markiplier,https://youtube.com/@markiplier,Gaming,Gaming
Dream,https://youtube.com/@dream,Gaming,Gaming
MrBeast Gaming,https://youtube.com/@mrbeastgaming,Gaming,Gaming
BriannaPlayz,https://youtube.com/@briannaplayz,Gaming,Kids
jacksepticeye,https://youtube.com/@jacksepticeye,Gaming,Gaming
DanTDM,https://youtube.com/@dantdm,Gaming,Gaming
SwaggerSouls,https://youtube.com/@swaggersouls,Gaming,Kids
Pencilmation Live,https://youtube.com/@official_pencilmationlive,Gaming,Gaming
Jelly,https://youtube.com/@jelly,Gaming,Gaming
SSundee,https://youtube.com/@ssundee,Gaming,Gaming
FGTeeV,https://youtube.com/@fgteev,Gaming,Gaming
TimTheTatman,https://youtube.com/@timthetatman,Gaming,Gaming
Ali-A,https://youtube.com/@alia,Gaming,Gaming
The Game Theorists,https://youtube.com/@gametheory,Gaming,Gaming
Meg DeAngelis,https://youtube.com/@maybabytumbler,Howto & Style,Food
Rosanna Pansino,https://youtube.com/@rosannapansino,Howto & Style,Variety Entertainment
Troom Troom,https://youtube.com/@troomtroom,Howto & Style,Beauty
Vogue,https://youtube.com/@vogue,Howto & Style,Beauty
Blossom,https://youtube.com/@blossomtv,Howto & Style,Howto
Yoga With Adriene,https://youtube.com/@yogawithadriene,Howto & Style,Howto
Alexa Rivera,https://youtube.com/@alexarivera,Howto & Style,Variety Entertainment
Hyram,https://youtube.com/@hyram,Howto & Style,Howto
MyLifeAsEva,https://youtube.com/@mylifeaseva,Howto & Style,Variety Entertainment
Niki and Gabi,https://youtube.com/@nikiandgabi,Howto & Style,Variety Entertainment
Howcast,https://youtube.com/@howcast,Howto & Style,Howto
Karina Garcia,https://youtube.com/@thekarinabear,Howto & Style,Variety Entertainment
LaurDIY,https://youtube.com/@laurdiy,Howto & Style,Variety Entertainment
Tati,https://youtube.com/@tati,Howto & Style,Beauty
Tipsy Bartender,https://youtube.com/@tipsybartender,Howto & Style,Howto
Dax,https://youtube.com/@thatsdax,Music,Music
LooLoo Kids - Nursery Rhymes and Children's Songs,https://www.youtube.com/@loolookids,Music,Kids
Harry Mack,https://www.youtube.com/@HarryMack,Music,Music
Harry Mack Clips,https://www.youtube.com/@HarryMackClips,Music,Variety Entertainment
BillionSurpriseToys - English Kids Songs & Cartoon,https://www.youtube.com/@billionsurprisetoys,Music,Kids
Crash Adams,https://www.youtube.com/channel/UCAxCk_CU0lnz6vJyslY9-Tw,Music,Music
Alan Walker,https://youtube.com/@alanwalkermusic,Music,Music
Lil Durk,https://youtube.com/@lildurk,Music,Music
MattyBRaps,https://www.youtube.com/@MattyBRaps,Music,Music
Austin Mahone,https://youtube.com/@austinmahone,Music,Music
Dr. Dre,https://www.youtube.com/@DrDreVEVO,Music,Music
Ne-Yo,https://youtube.com/@neyo,Music,Music
FIFTY FIFTY Official,https://www.youtube.com/channel/UCJEER74X9kBenMT_x9iK9Mw,Music,Music
YG,https://youtube.com/yg,Music,Music
Bounce Patrol - Kids Songs,https://www.youtube.com/@bouncepatrol,Music,Music
Dr. John Campbell,https://www.youtube.com/@Campbellteaching,News & Politics,Education
ABC News,https://youtube.com/@abcnews,News & Politics,News
BBC News,https://youtube.com/@bbcnews,News & Politics,News
Peter Schiff,https://www.youtube.com/@peterschiff,News & Politics,Politics
Fox News,https://youtube.com/@foxnews,News & Politics,News
truly,https://youtube.com/@truly-channel,News & Politics,News
Video Game News,https://www.youtube.com/@VideoGameNews,News & Politics,Gaming
NBC News,https://youtube.com/@nbcnews,News & Politics,News
Insider Business,https://youtube.com/@insiderbusiness,News & Politics,News
GaryVee,https://www.youtube.com/@garyvee,News & Politics,Education
Philip DeFranco,https://youtube.com/@philipdefranco,News & Politics,News
DramaAlert,https://www.youtube.com/DramaAlert,News & Politics,News
Donald J Trump,https://www.youtube.com/@DonaldJTrumpforPresident,News & Politics,Politics
OfflineTV,https://www.youtube.com/@OfflineTV,News & Politics,Variety Entertainment
The Young Turks,https://www.youtube.com/@theyoungturks,News & Politics,News
TEDx Talks,https://youtube.com/@tedx,Nonprofits & Activism,Education
Arnold Schwarzenegger,https://www.youtube.com/@ArnoldSchwarzenegger,Nonprofits & Activism,Politics
T.D. Jakes,https://www.youtube.com/@tdjakesofficial,Nonprofits & Activism,Religion
i'm cyborg but that's ok,https://www.youtube.com/@imcyborgbutthatsok,Nonprofits & Activism,Music
Google For Nonprofits,https://www.youtube.com/@GoogleforNonprofits,Nonprofits & Activism,Education
Gabe Poirot,https://www.youtube.com/@gabepoirot,Nonprofits & Activism,Religion
Transformation Church,https://www.youtube.com/@wearetransformation,Nonprofits & Activism,Religion
The Daily Reminder,https://www.youtube.com/@thedailyreminder,Nonprofits & Activism,Religion
Pastor Greg Laurie,https://www.youtube.com/@greglaurie,Nonprofits & Activism,Religion
Invisible People,https://www.youtube.com/@invisiblepeople,Nonprofits & Activism,News
gatewaychurchtv,https://www.youtube.com/@gatewaychurchtv,Nonprofits & Activism,Religion
In Touch Ministries,https://www.youtube.com/@intouchministries,Nonprofits & Activism,Religion
Wonders of the World,https://www.youtube.com/@wondersoftheworld9175,Nonprofits & Activism,Education
Joyce Meyer Ministries,https://www.youtube.com/@joycemeyer,Nonprofits & Activism,Religion
David Diga Hernandez,https://www.youtube.com/@daviddigahernandez,Nonprofits & Activism,Religion
Dan Rhodes,https://www.youtube.com/@danrhodes,People & Blogs,Comedy
NichLmao,https://www.youtube.com/@nichlmao,People & Blogs,Variety Entertainment
Beast Phyilanthropy,https://www.youtube.com/@BeastPhilanthropy,People & Blogs,Variety Entertainment
The Royalty Family,https://youtube.com/@royaltyfam,People & Blogs,Variety Entertainment
BuzzFeedVideo,https://youtube.com/@buzzfeedvideo,People & Blogs,Variety Entertainment
MrBeast 2,https://www.youtube.com/@mrbeast2,People & Blogs,Variety Entertainment
Stokes Twins,https://www.youtube.com/@stokestwins,People & Blogs,Variety Entertainment
The ACE Family,https://youtube.com/@theacefamily,People & Blogs,Variety Entertainment
Dhar Mann,https://www.youtube.com/@dharmann,People & Blogs,Variety Entertainment
Jason Vlogs,https://www.youtube.com/@jasonvlogslife,People & Blogs,Variety Entertainment
LeoNata Family,https://www.youtube.com/@leonatafamily,People & Blogs,Variety Entertainment
Roman Atwood Vlogs,https://www.youtube.com/@romanatwoodvlogs,People & Blogs,Variety Entertainment
Unspeakable,https://www.youtube.com/@unspeakable,People & Blogs,Variety Entertainment
Casey Neistat,https://www.youtube.com/@casey,People & Blogs,Kids
PowerfulJRE,https://www.youtube.com/@joerogan,People & Blogs,Education
National Geographic,https://youtube.com/@natgeo,Pets & Animals,Animals
Brave Wilderness,https://youtube.com/@bravewilderness,Pets & Animals,Animals
The Dodo,https://www.youtube.com/@thedodo,Pets & Animals,Animals
Animal Channel,https://www.youtube.com/@animal_channel,Pets & Animals,Animals
Animal Planet,https://www.youtube.com/@animalplanet,Pets & Animals,Animals
Fish4Ever,https://www.youtube.com/@Fish4Ever,Pets & Animals,Animals
Animals Home,https://youtube.com/@animals_home,Pets & Animals,Animals
AaronsAnimals,https://youtube.com/@aaronsanimals,Pets & Animals,Animals
Life of Sammie & Summer,https://www.youtube.com/@lifeofsammieandsummer,Pets & Animals,Animals
River Monsters,https://www.youtube.com/@rivermonsters,Pets & Animals,Animals
Animal HT,https://www.youtube.com/@animalht,Pets & Animals,Animals
Jackson Galaxy,https://www.youtube.com/@JacksonGalaxy,Pets & Animals,Animals
BlacktipH,https://www.youtube.com/@BlacktipH,Pets & Animals,Animals
KickinTheirBASSTV,https://www.youtube.com/@KickinTheirBASSTV,Pets & Animals,Animals
Fluff Planet,https://www.youtube.com/@FluffPlanet,Pets & Animals,Animals
Mark Rober,https://www.youtube.com/@markrober,Science & Technology,Technology
TED,https://www.youtube.com/@ted,Science & Technology,Education
Unbox Therapy,https://www.youtube.com/@unboxtherapy,Science & Technology,Technology
Apple,https://www.youtube.com/@apple,Science & Technology,Technology
Marques Brownlee,https://www.youtube.com/@mkbhd,Science & Technology,Technology
Linus Tech Tips,https://www.youtube.com/@linustechtips,Science & Technology,Technology
Mrwhosetheboss,https://youtube.com/@mrwhosetheboss,Science & Technology,Technology
Joe Scott,https://www.youtube.com/@joescott,Science & Technology,Technology
Hacksmith Industries,https://www.youtube.com/c/thehacksmith,Science & Technology,Technology
CrazyRussianHacker,https://www.youtube.com/CrazyRussianHacker,Science & Technology,Technology
NASA,https://youtube.com/@nasa,Science & Technology,Technology
SmarterEveryDay,https://youtube.com/@smartereveryday,Science & Technology,Technology
Google,https://youtube.com/@google,Science & Technology,Technology
Primitive Technology...,https://youtube.com/@primitivetechnology9550,Science & Technology,Technology
EverythingApplePro E A P,https://www.youtube.com/@everythingapplepro,Science & Technology,Technology
Noel Deyzel,https://www.youtube.com/@NoelDeyzel,Sports,Sports
Dude Perfect,https://youtube.com/@dudeperfect,Sports,Sports
STREETBEEFS,https://www.youtube.com/@STREETBEEFSUNRELEASED,Sports,Sports
Master Wong,https://www.youtube.com/@master-wong,Sports,Sports
How Ridiculous,https://youtube.com/@howridiculous,Sports,Sports
GYM JONG KOOK,https://www.youtube.com/@GYMJONGKOOK,Sports,Sports
F2Freestylers - Ultimate Soccer Skills Channel,https://www.youtube.com/@thef2,Sports,Sports
DALLMYD,https://www.youtube.com/DALLMYD,Sports,Sports
DemolitionRanch,https://youtube.com/@demolitionranch,Sports,Sports
Red Bull,https://www.youtube.com/@redbull,Sports,Sports
NFL,https://youtube.com/@nfl,Sports,Sports
Larry Wheels,https://www.youtube.com/@LarryWheels,Sports,Sports
ICC,https://www.youtube.com/@icc,Sports,Sports
William Li,https://www.youtube.com/@William_Li,Sports,Sports
SportsNation,https://youtube.com/@sportsnationespn,Sports,Sports
Nas Daily,https://www.youtube.com/@nasdaily,Travel & Events,Travel
Best Ever Food Review,https://youtube.com/@besteverfoodreviewshow,Travel & Events,Travel
Mark Wiens,https://youtube.com/@markwiens,Travel & Events,Travel
Peter Santenello,https://www.youtube.com/@PeterSantenello,Travel & Events,Music
The Food Ranger,https://www.youtube.com/@thefoodranger,Travel & Events,Food
Insider Food,https://www.youtube.com/@insiderfood,Travel & Events,Food
OmarGoshTV,https://www.youtube.com/omargoshtv,Travel & Events,Variety Entertainment
Strictly Dumpling,https://www.youtube.com/@strictlydumpling,Travel & Events,Food
bald and bankrupt,https://www.youtube.com/@baldandbankrupt,Travel & Events,Travel
Johnny Harris,https://www.youtube.com/@johnnyharris,Travel & Events,Education
Drew Binsky,https://www.youtube.com/@drewbinsky,Travel & Events,Travel
Kara and Nate,https://www.youtube.com/@karaandnate,Travel & Events,Travel
Zack D. Films,https://www.youtube.com/@zackdfilms,Travel & Events,Variety Entertainment
Sam Chui,https://www.youtube.com/@samchui,Travel & Events,Technology
DancingBacons,https://www.youtube.com/@dancingbacons,Travel & Events,Food